{"val/f1_NV":0.7845659163987139,"val/f1_SCCKA":0.6854460093896714,"val/loss":1.8850853969069088,"val/f1_BKL":0.4766355140186916,"val/macro_f1":0.49637565329700056,"val/f1_DF":0.4,"phase":2,"val/cls_loss":1.796273196444792,"train/loss":0.4989842740389017,"train/concept_loss":0.017417320179251523,"_step":46,"val/f1_BCC":0.8592283628779979,"val/f1_MAL_OTH":0,"_runtime":1093,"val/f1_VASC":0.6363636363636364,"epoch":37,"val/concept_loss":0.01776244244812166,"_wandb":{"runtime":1093},"val/f1_MEL":0.6153846153846154,"_timestamp":1.7706737346094148e+09,"val/f1_INF":0.10526315789473684,"val/f1_BEN_OTH":0.35294117647058826,"train/cls_loss":0.41189767466141625,"val/f1_AKIEC":0.5443037974683544}