{"val/loss":0.9242220450850094,"train/concept_loss":0.01775639343720216,"val/f1_DF":0.14285714285714285,"phase":2,"val/f1_BCC":0.889943074003795,"val/f1_INF":0,"val/f1_NV":0.7912772585669782,"_runtime":920,"train/cls_loss":0.37810026361392096,"val/f1_MAL_OTH":0,"_timestamp":1.7706682111011813e+09,"_step":39,"val/cls_loss":0.8362418711185455,"train/loss":0.46688223114380467,"val/macro_f1":0.4572028567615437,"val/f1_MEL":0.547945205479452,"val/f1_BKL":0.5297297297297298,"val/f1_SCCKA":0.6956521739130435,"val/f1_BEN_OTH":0.36363636363636365,"epoch":30,"val/concept_loss":0.01759603405919145,"val/f1_VASC":0.47619047619047616,"val/f1_AKIEC":0.592,"_wandb":{"runtime":920}}