{"val/f1_SCCKA":0.6410256410256411,"_timestamp":1.7706620142781446e+09,"val/concept_loss":0.07868999111301758,"train/cls_loss":0.8059096776522123,"val/f1_BCC":0.8694852941176471,"val/f1_MEL":0.4246575342465753,"train/concept_loss":0.07992749317334248,"val/f1_VASC":0,"val/cls_loss":0.9149947972858653,"val/f1_INF":0,"val/loss":0.9936847791952246,"val/macro_f1":0.27335533489093045,"val/f1_BKL":0.34554973821989526,"phase":2,"_wandb":{"runtime":397},"val/f1_DF":0,"val/f1_NV":0.7261904761904762,"train/loss":0.8858371725449196,"val/f1_MAL_OTH":0,"epoch":9,"val/f1_BEN_OTH":0,"_runtime":397,"val/f1_AKIEC":0,"_step":18}