{"train/cls_loss":0.05010309411356082,"_timestamp":1.770670400326402e+09,"val/cls_loss":2.3051083403475143,"train/loss":0.09989883658977655,"_wandb":{"runtime":762},"epoch":24,"val/f1_DF":0.28,"val/f1_VASC":0.37037037037037035,"train/concept_loss":0.009959148429334163,"val/f1_MAL_OTH":0,"val/f1_BEN_OTH":0.375,"val/f1_AKIEC":0.23665893271461716,"_runtime":762,"val/f1_BKL":0.21052631578947367,"val/f1_SCCKA":0.4528301886792453,"val/macro_f1":0.30451957358812864,"val/f1_NV":0.6743295019157088,"val/concept_loss":0.016637436169035295,"_step":33,"phase":2,"val/f1_MEL":0.5,"val/f1_INF":0.25,"val/f1_BCC":0,"val/loss":2.388295527766733}