{"val/loss":1.229102092630723,"val/f1_VASC":0,"val/f1_MEL":0.3357664233576642,"val/f1_DF":0,"_step":17,"phase":2,"_timestamp":1.7706624689601736e+09,"val/f1_AKIEC":0,"val/f1_MAL_OTH":0,"train/concept_loss":0.025131984570851692,"val/f1_BKL":0.2781456953642384,"val/f1_BEN_OTH":0,"train/cls_loss":0.9103981898381159,"val/f1_SCCKA":0.6354166666666666,"_runtime":361,"val/cls_loss":0.9787747859954834,"val/f1_INF":0,"val/f1_NV":0.7420289855072464,"train/loss":1.1617180356612573,"epoch":8,"val/macro_f1":0.2578002013945691,"_wandb":{"runtime":361},"val/concept_loss":0.025032730334821868,"val/f1_BCC":0.8444444444444444}