{"val/f1_BKL":0.42290748898678415,"val/f1_MEL":0.432,"val/f1_BCC":0.8854262144821264,"val/f1_MAL_OTH":0,"_step":39,"_wandb":{"runtime":901},"_runtime":901,"_timestamp":1.7706605205815306e+09,"val/macro_f1":0.29054686560461174,"val/f1_BEN_OTH":0,"val/f1_DF":0,"val/f1_SCCKA":0.7,"val/f1_VASC":0,"val/cls_loss":0.8553378546939177,"val/f1_AKIEC":0,"val/loss":0.9604172180680668,"val/concept_loss":0.10507936819511302,"phase":2,"train/concept_loss":0.10975999683141709,"val/f1_NV":0.7556818181818182,"val/f1_INF":0,"train/loss":0.6261269706946153,"train/cls_loss":0.5163669696220985,"epoch":30}