{"val/macro_f1":0.34912578739765276,"val/f1_MAL_OTH":0,"val/f1_BEN_OTH":0,"val/f1_VASC":0,"_wandb":{"runtime":752},"val/f1_AKIEC":0.42857142857142855,"val/f1_MEL":0.5844155844155844,"val/concept_loss":0.01695285819690017,"val/loss":1.255071008906645,"phase":2,"val/f1_BKL":0.49261083743842365,"train/loss":0.8908150315284729,"val/f1_BCC":0.8819188191881919,"_runtime":752,"val/cls_loss":1.1703067106359146,"val/f1_SCCKA":0.7052631578947368,"train/cls_loss":0.8092745689245371,"epoch":24,"_step":33,"val/f1_NV":0.7476038338658147,"train/concept_loss":0.01630809221130151,"val/f1_INF":0,"val/f1_DF":0,"_timestamp":1.7706668098846054e+09}