{"val/f1_SCCKA":0.6907216494845361,"val/f1_BCC":0.8686481303930969,"_step":31,"val/concept_loss":0.014743823941577883,"train/cls_loss":0.07461176815514381,"val/f1_INF":0.2857142857142857,"val/f1_BKL":0.5263157894736842,"val/loss":1.3571899883887346,"_timestamp":1.7706643142277544e+09,"val/f1_VASC":0.5,"val/macro_f1":0.48311480564006276,"val/f1_MAL_OTH":0,"epoch":22,"val/f1_AKIEC":0.48739495798319327,"train/loss":0.21133187413215637,"val/f1_NV":0.7570977917981072,"_runtime":703,"val/cls_loss":1.2097517637645496,"phase":2,"train/concept_loss":0.013672010514598626,"_wandb":{"runtime":703},"val/f1_DF":0.2857142857142857,"val/f1_MEL":0.5490196078431373,"val/f1_BEN_OTH":0.36363636363636365}