{"val/cls_loss":1.5698572782909168,"val/f1_BEN_OTH":0.26666666666666666,"val/macro_f1":0.5002648209307559,"_timestamp":1.7706694858718166e+09,"train/loss":0.7042587083119612,"epoch":28,"_step":37,"val/concept_loss":0.0198209783719743,"val/f1_VASC":0.6666666666666666,"train/cls_loss":0.6073677498560686,"_wandb":{"runtime":864},"_runtime":864,"val/f1_MAL_OTH":0,"val/f1_AKIEC":0.5176470588235295,"val/f1_DF":0.5517241379310345,"val/f1_NV":0.7707006369426752,"val/f1_BKL":0.44,"val/f1_MEL":0.5290322580645161,"val/f1_BCC":0.8210075026795284,"val/f1_INF":0.2962962962962963,"val/loss":1.668962166589849,"val/f1_SCCKA":0.6431718061674009,"train/concept_loss":0.019378191605210305,"phase":2}