{"val/f1_BEN_OTH":0,"train/loss":1.1662853919542753,"val/f1_NV":0.7537091988130564,"val/loss":1.2379703521728516,"val/concept_loss":0.026007642202517566,"_step":12,"train/cls_loss":0.9162093235896184,"_wandb":{"runtime":223},"_runtime":223,"val/f1_MEL":0.4,"val/macro_f1":0.26910530217433126,"val/f1_SCCKA":0.6274509803921569,"val/f1_VASC":0,"phase":2,"val/cls_loss":0.9778939205057481,"val/f1_BCC":0.8589981447124304,"_timestamp":1.7706630272696521e+09,"epoch":3,"val/f1_BKL":0.32,"val/f1_INF":0,"val/f1_MAL_OTH":0,"val/f1_DF":0,"train/concept_loss":0.02500760695682122,"val/f1_AKIEC":0}