{"epoch":5,"phase":2,"train/cls_loss":1.2803220400443445,"_runtime":274,"val/f1_BCC":0.8568888888888889,"val/f1_DF":0,"val/f1_MAL_OTH":0,"train/loss":1.5036466140013474,"_step":14,"_timestamp":1.770666018428631e+09,"val/f1_AKIEC":0,"val/f1_SCCKA":0.6902654867256637,"val/f1_BKL":0.34444444444444444,"val/f1_VASC":0,"val/f1_MEL":0.3252032520325203,"val/f1_INF":0,"val/cls_loss":1.2178107640322517,"val/f1_NV":0.7683284457478006,"val/concept_loss":0.021480533458730754,"train/concept_loss":0.022332457538980704,"val/loss":1.4326161005917717,"val/f1_BEN_OTH":0,"_wandb":{"runtime":274},"val/macro_f1":0.27137550162175617}