{"val/f1_BEN_OTH":0,"val/f1_AKIEC":0,"epoch":1,"val/f1_INF":0,"val/f1_SCCKA":0,"val/f1_BCC":0.7424354243542436,"val/concept_loss":0.12248023117289823,"val/f1_VASC":0,"phase":1,"val/macro_f1":0.1295014862917941,"val/cls_loss":1.514873792143429,"_runtime":16,"_wandb":{"runtime":16},"val/f1_NV":0.6820809248554913,"train/cls_loss":1.9044785719651443,"_step":0,"val/f1_BKL":0,"val/f1_DF":0,"_timestamp":1.770659480619186e+09,"val/f1_MAL_OTH":0,"train/loss":2.0257204202505257,"val/loss":1.6373540303286385,"train/concept_loss":0.12124184989012204,"val/f1_MEL":0}