{"_step":12,"val/f1_BKL":0.345679012345679,"val/f1_MEL":0.4217687074829932,"train/cls_loss":0.8550456120417669,"_timestamp":1.7706627882117586e+09,"val/cls_loss":0.9354470267015345,"val/f1_MAL_OTH":0,"epoch":3,"val/loss":1.105851296116324,"train/loss":1.0266366133323082,"val/f1_AKIEC":0,"val/f1_NV":0.7386363636363636,"val/f1_BCC":0.8571428571428571,"val/f1_BEN_OTH":0,"val/concept_loss":0.034080853576169294,"val/macro_f1":0.2745665246841607,"val/f1_SCCKA":0.6570048309178744,"train/concept_loss":0.03431819995435385,"phase":2,"val/f1_INF":0,"val/f1_VASC":0,"_wandb":{"runtime":227},"val/f1_DF":0,"_runtime":227}