{"val/loss":1.67179753149257,"val/f1_VASC":0.64,"val/concept_loss":0.019853963023599458,"val/f1_INF":0.27586206896551724,"val/macro_f1":0.49704810215511963,"train/cls_loss":0.6467209499615889,"val/f1_MAL_OTH":0,"_wandb":{"runtime":925},"val/f1_BEN_OTH":0.25,"val/cls_loss":1.5725277031169218,"train/concept_loss":0.01945037476431865,"val/f1_BKL":0.43781094527363185,"val/f1_NV":0.7886435331230284,"_step":39,"_timestamp":1.7706725155650558e+09,"val/f1_AKIEC":0.5389221556886228,"phase":2,"val/f1_SCCKA":0.6457399103139013,"epoch":30,"val/f1_MEL":0.5205479452054794,"train/loss":0.7439728260040284,"val/f1_BCC":0.8182784272051009,"_runtime":925,"val/f1_DF":0.5517241379310345}